dose,metric,stable_mean,fragile_mean,paired_difference_mean,paired_difference_ci_low,paired_difference_ci_high,positive_difference_fraction
0,max_drawdown,0.002007370921,0.002007370921,0,0,0,0
0,terminal_return,-9.64734067517e-05,-9.64734067517e-05,0,0,0,0
0,peak_spread_bps,4.93067427083,4.93067427083,0,0,0,0
0,minimum_depth,1,1,0,0,0,0
0,liquidation_fraction,0,0,0,0,0,0
0.5,max_drawdown,0.00692204029976,0.00692204029976,0,0,0,0
0.5,terminal_return,-0.000104055738331,-0.000104055738331,0,0,0,0
0.5,peak_spread_bps,7.07524635647,7.07524635647,0,0,0,0
0.5,minimum_depth,1,1,0,0,0,0
0.5,liquidation_fraction,0,0,0,0,0,0
1,max_drawdown,0.0137197874926,0.0138046194548,8.4831962226e-05,0,0.000254495886678,0.003125
1,terminal_return,-0.000111638012413,-0.000112147132835,-5.09120421684e-07,-1.52736126505e-06,0,0
1,peak_spread_bps,9.7861032177,9.82076049049,0.0346572727911,0,0.103971818373,0.003125
1,minimum_depth,1,0.998690963449,-0.00130903655145,-0.00392710965436,0,0
1,liquidation_fraction,0,0.00309262893717,0.00309262893717,0,0.0092778868115,0.003125
2,max_drawdown,0.0272371426566,0.0697780028445,0.0425408601879,0.0421901378877,0.0428854455435,1
2,terminal_return,-0.000126802388088,-0.000257607282333,-0.000130804894245,-0.000130967896195,-0.000130640026569,0
2,peak_spread_bps,15.2584148151,31.5664634112,16.308048596,16.0989279347,16.5135079823,1
2,minimum_depth,1,0.402529079762,-0.597470920238,-0.600535657796,-0.594453269935,0
2,liquidation_fraction,0,0.999333971794,0.999333971794,0.999295955818,0.999371363892,1
4,max_drawdown,0.0537224962891,0.169950915205,0.116228418916,0.116020257544,0.116436991113,1
4,terminal_return,-0.000157464623252,-0.000351841353949,-0.000194376730697,-0.000194462187562,-0.000194295621159,0
4,peak_spread_bps,26.2879480371,113.482237184,87.1942891469,87.0605731595,87.3207332837,1
4,minimum_depth,0.973532584229,0.2,-0.773532584229,-0.774043264857,-0.772998441515,0
4,liquidation_fraction,0.0613819809456,0.999999999975,0.938618019029,0.937054923445,0.940100569259,1
