dose,metric,mean,root_bootstrap_ci_low,root_bootstrap_ci_high,standard_deviation_between_seed_batches,q05,median,q95,minimum,maximum,positive_batch_count,total_batch_count
0,liquidation_fraction,0,0,0,0,0,0,0,0,0,0,20
0,max_drawdown,0,0,0,0,0,0,0,0,0,0,20
0,minimum_depth,0,0,0,0,-0,0,0,-0,-0,0,20
0,peak_spread_bps,0,0,0,0,0,0,0,0,0,0,20
0,terminal_return,0,0,0,0,-0,0,0,-0,-0,0,20
0.5,liquidation_fraction,0,0,0,0,0,0,0,0,0,0,20
0.5,max_drawdown,0,0,0,0,0,0,0,0,0,0,20
0.5,minimum_depth,0,0,0,0,-0,0,0,-0,-0,0,20
0.5,peak_spread_bps,0,0,0,0,0,0,0,0,0,0,20
0.5,terminal_return,0,0,0,0,-0,0,0,-0,-0,0,20
1,liquidation_fraction,0.00371273869267,0.0024749199603,0.00495231688644,0.00294492042537,0,0.00309644399541,0.00927886336595,0,0.00930007765754,15,20
1,max_drawdown,0.000101661324782,6.7931658497e-05,0.000137239456413,8.21377146199e-05,0,8.76485033623e-05,0.000264757887506,0,0.000265740034905,15,20
1,minimum_depth,0.00158243231366,0.00105715451162,0.00212075630738,0.00126096199945,-0,0.00133702493798,0.00401967722844,-0,0.00402262218138,15,20
1,peak_spread_bps,0.0412204452628,0.0275902917462,0.0553627523553,0.0327967219133,0,0.0352073685152,0.10353325515,0,0.104771516252,15,20
1,terminal_return,6.05678767471e-07,4.03956236302e-07,8.0949054094e-07,4.81625235891e-07,-0,5.11422064112e-07,1.50905857267e-06,-0,1.52189385433e-06,15,20
2,liquidation_fraction,0.999348625479,0.999339745751,0.999357591543,2.05630161869e-05,0.999329591134,0.999346289919,0.999385855713,0.999300202837,0.999389860564,20,20
2,max_drawdown,0.042691842825,0.0426111444539,0.0427761373781,0.000191204412153,0.0424362006805,0.0426935869811,0.0430076864191,0.0423044559202,0.043056938754,20,20
2,minimum_depth,0.599069876261,0.598349918274,0.599802069568,0.00167108927475,0.596848801275,0.599328883394,0.601625942012,0.595507157049,0.602291771672,20,20
2,peak_spread_bps,16.446419762,16.4052691363,16.4874769572,0.0948312848776,16.3387143266,16.4456272022,16.6010163417,16.2407310024,16.6155932517,20,20
2,terminal_return,0.000130611935789,0.000130576844457,0.000130646211751,8.11812715806e-08,0.000130508048974,0.000130625903472,0.000130738350697,0.000130427487744,0.000130780529103,20,20
4,liquidation_fraction,0.937552849946,0.93721813666,0.937863063088,0.000745897298417,0.936207464717,0.937529862988,0.938655037618,0.936045730962,0.938860458236,20,20
4,max_drawdown,0.116357505431,0.116314455905,0.116398780811,9.81753029112e-05,0.116219461431,0.116373352322,0.116489237775,0.116106004182,0.116492327308,20,20
4,minimum_depth,0.773054726219,0.772952337247,0.773157382814,0.000239315044359,0.772767865093,0.773017939083,0.773425504667,0.772634225325,0.773620890591,20,20
4,peak_spread_bps,87.1398246187,87.0965464698,87.1811250849,0.0997272351163,86.9480219252,87.170895366,87.2405397472,86.9131857726,87.3301546281,20,20
4,terminal_return,0.000194338498829,0.000194321483569,0.000194356745159,4.0846884319e-08,0.000194272926237,0.00019433116573,0.000194403290635,0.00019426971045,0.000194412041762,20,20
