batch_index,root_seed,pre_observable_max_abs_difference,zero_dose_post_observable_max_abs_difference,dose_2_drawdown_difference_pp,dose_2_drawdown_ci_low_pp,dose_2_drawdown_ci_high_pp,dose_2_peak_spread_difference_bps,dose_2_peak_spread_ci_low_bps,dose_2_peak_spread_ci_high_bps,abc_prior_parameter_distance,abc_posterior_parameter_distance,abc_parameter_distance_relative_reduction,abc_prior_holdout_response_rmse,abc_posterior_holdout_response_rmse,abc_holdout_response_relative_reduction,abc_candidate_generation_seed,abc_probe_innovation_seed,abc_holdout_innovation_seed,abc_bank_size,abc_accepted_count
1,2632567035,0,0,4.26662702536,4.23112144139,4.29994486891,16.3974818734,16.1946650301,16.6027391723,0.323404450342,0.284947138965,0.118913983208,1.79969407338,0.965209090766,0.463681575085,2632644812,2632655923,2632667034,700,70
2,2984893173,0,0,4.25588585546,4.22700627995,4.28724342163,16.374877799,16.1864661076,16.5412465815,0.3213428502,0.275677443253,0.142108053495,1.6919355828,0.778788183103,0.539705771886,2984970950,2984982061,2984993172,700,70
3,3152201897,0,0,4.25612247742,4.22168304694,4.28877060003,16.3958562415,16.2019233447,16.5887763233,0.325018356122,0.287549832134,0.115281254989,1.84582941548,0.975576520895,0.47146983751,3152279674,3152290785,3152301896,700,70
4,1479823078,0,0,4.27605925445,4.24539024416,4.30775714085,16.4960773439,16.3120774168,16.6851216346,0.326193399956,0.275821467417,0.154423518519,1.78077599748,0.825085602937,0.536670752468,1479900855,1479911966,1479923077,700,70
5,1864755577,0,0,4.26547818657,4.23237694525,4.29940823323,16.4068762475,16.1923836775,16.6023784677,0.325938944486,0.281171580049,0.137348927442,1.72889192778,0.879228603591,0.491449645023,1864833354,1864844465,1864855576,700,70
6,677312347,0,0,4.2775142471,4.24683133816,4.30848655524,16.4843781569,16.2895703385,16.6791512478,0.325257229954,0.273578352922,0.158886174611,1.71601864199,0.843748205792,0.508310582912,677390124,677401235,677412346,700,70
7,2069308620,0,0,4.25930204304,4.2263255713,4.29364833336,16.3990033227,16.1997705051,16.5832352743,0.325540699617,0.279840035143,0.140383873746,1.70460093415,0.823846085444,0.51669269391,2069386397,2069397508,2069408619,700,70
8,3089988897,0,0,4.25370676389,4.21989171413,4.29029012191,16.3620352188,16.1542605903,16.5539708054,0.331467250139,0.298036466122,0.100856974567,1.84399157014,0.945931800311,0.487019455171,3090066674,3090077785,3090088896,700,70
9,2464771100,0,0,4.29902698536,4.26538306903,4.33298732268,16.5634670943,16.3699191983,16.7614828822,0.327552939714,0.275665203006,0.158410230584,1.81217658671,0.916444355824,0.494285290658,2464848877,2464859988,2464871099,700,70
10,2241986250,0,0,4.3005094191,4.26661820016,4.33299178623,16.6002491359,16.4144095781,16.7977109935,0.323258716318,0.290218986562,0.102208318256,1.74631626223,1.02691491806,0.411953641923,2242064027,2242075138,2242086249,700,70
11,4259429181,0,0,4.27355969876,4.24024885255,4.30576851311,16.4853459113,16.2930975279,16.6762571107,0.323167527819,0.272443165026,0.156959961713,1.93590618356,0.925724898553,0.521813140319,4259506958,4259518069,4259529180,700,70
12,3174995711,0,0,4.25623618691,4.22310440952,4.28792451624,16.391406306,16.180894975,16.5835275021,0.323881541715,0.273166436132,0.156585353135,1.69144969057,0.902131640746,0.466651804204,3175073488,3175084599,3175095710,700,70
13,2125615873,0,0,4.23044559202,4.19642676298,4.26385586066,16.2407310024,16.0383676889,16.4691978826,0.329237152618,0.284427205376,0.136102341079,1.82981262219,0.798581360366,0.563572056133,2125693650,2125704761,2125715872,700,70
14,985169424,0,0,4.27407134097,4.24115608531,4.30622099108,16.4998074524,16.281829297,16.7017189197,0.329423436677,0.282179126389,0.143415146062,1.79386637857,0.873186054744,0.51323796177,985247201,985258312,985269423,700,70
15,1553271648,0,0,4.24431346152,4.2110459709,4.27576920388,16.3532698877,16.1573558309,16.5440294117,0.331247259213,0.34550331435,-0.0430375036793,1.81939966597,1.97240189843,-0.0840948997232,1553349425,1553360536,1553371647,700,70
16,1087328947,0,0,4.27209037086,4.23770056242,4.30428793848,16.5027718544,16.3189697227,16.6932980397,0.325725600191,0.280223133689,0.139695702381,1.72710739312,0.970720767765,0.43794996673,1087406724,1087417835,1087428946,700,70
17,3244082578,0,0,4.3056938754,4.27195839909,4.33468795441,16.6155932517,16.4380338523,16.7953553662,0.328416823897,0.284849224056,0.132659464044,1.83383176874,0.790020762346,0.569196708329,3244160355,3244171466,3244182577,700,70
18,3014078332,0,0,4.28815763459,4.25303005084,4.32011431141,16.5219255048,16.3232986405,16.7244957247,0.321195979706,0.279852960203,0.12871586855,1.76286992482,0.922141670677,0.47690884183,3014156109,3014167220,3014178331,700,70
19,4030087925,0,0,4.25504824557,4.22093261051,4.29085280826,16.3438713437,16.1584220186,16.5272817157,0.329675631011,0.290881618327,0.117673279537,1.84359169495,1.08621831393,0.410814055574,4030165702,4030176813,4030187924,700,70
20,1603902690,0,0,4.27383698566,4.24211671978,4.30678166926,16.4933702925,16.3082376417,16.6785634309,0.329344007273,0.335766522247,-0.0195009316459,1.9099512302,2.00633897774,-0.0504660778827,1603980467,1603991578,1604002689,700,70
