batch_index,root_seed,dose,metric,adverse_sign,adverse_difference_mean,adverse_difference_ci_low,adverse_difference_ci_high,adverse_positive_path_fraction
1,2632567035,0,max_drawdown,1,0,0,0,0
1,2632567035,0,terminal_return,-1,-0,-0,-0,0
1,2632567035,0,peak_spread_bps,1,0,0,0,0
1,2632567035,0,minimum_depth,-1,-0,-0,-0,0
1,2632567035,0,liquidation_fraction,1,0,0,0,0
1,2632567035,0.5,max_drawdown,1,0,0,0,0
1,2632567035,0.5,terminal_return,-1,-0,-0,-0,0
1,2632567035,0.5,peak_spread_bps,1,0,0,0,0
1,2632567035,0.5,minimum_depth,-1,-0,-0,-0,0
1,2632567035,0.5,liquidation_fraction,1,0,0,0,0
1,2632567035,1,max_drawdown,1,0.000264706195538,0,0.00061101872996,0.009375
1,2632567035,1,terminal_return,-1,1.50838303153e-06,-0,3.51407906159e-06,0.009375
1,2632567035,1,peak_spread_bps,1,0.104771516252,0,0.242310786822,0.009375
1,2632567035,1,minimum_depth,-1,0.00401952223092,-0,0.00919623704553,0.009375
1,2632567035,1,liquidation_fraction,1,0.00927774682428,0,0.0216359115025,0.009375
1,2632567035,2,max_drawdown,1,0.0426662702536,0.0423112144139,0.0429994486891,1
1,2632567035,2,terminal_return,-1,0.000130736130781,0.000130568049313,0.000130901554738,1
1,2632567035,2,peak_spread_bps,1,16.3974818734,16.1946650301,16.6027391723,1
1,2632567035,2,minimum_depth,-1,0.599121565464,0.596092886565,0.602282800947,1
1,2632567035,2,liquidation_fraction,1,0.999346568536,0.999307636664,0.999386617388,1
1,2632567035,4,max_drawdown,1,0.116368125779,0.116161434961,0.116580554249,1
1,2632567035,4,terminal_return,-1,0.000194401694253,0.000194328826645,0.000194476482108,1
1,2632567035,4,peak_spread_bps,1,87.2058958697,87.0899524286,87.3181266464,1
1,2632567035,4,minimum_depth,-1,0.772983766713,0.772470888386,0.773484822793,1
1,2632567035,4,liquidation_fraction,1,0.937782355981,0.936276779912,0.939424482817,1
2,2984893173,0,max_drawdown,1,0,0,0,0
2,2984893173,0,terminal_return,-1,-0,-0,-0,0
2,2984893173,0,peak_spread_bps,1,0,0,0,0
2,2984893173,0,minimum_depth,-1,-0,-0,-0,0
2,2984893173,0,liquidation_fraction,1,0,0,0,0
2,2984893173,0.5,max_drawdown,1,0,0,0,0
2,2984893173,0.5,terminal_return,-1,-0,-0,-0,0
2,2984893173,0.5,peak_spread_bps,1,0,0,0,0
2,2984893173,0.5,minimum_depth,-1,-0,-0,-0,0
2,2984893173,0.5,liquidation_fraction,1,0,0,0,0
2,2984893173,1,max_drawdown,1,0,0,0,0
2,2984893173,1,terminal_return,-1,-0,-0,-0,0
2,2984893173,1,peak_spread_bps,1,0,0,0,0
2,2984893173,1,minimum_depth,-1,-0,-0,-0,0
2,2984893173,1,liquidation_fraction,1,0,0,0,0
2,2984893173,2,max_drawdown,1,0.0425588585546,0.0422700627995,0.0428724342163,1
2,2984893173,2,terminal_return,-1,0.000130665910706,0.000130496481477,0.000130818675714,1
2,2984893173,2,peak_spread_bps,1,16.374877799,16.1864661076,16.5412465815,1
2,2984893173,2,minimum_depth,-1,0.597891387489,0.595170565391,0.600442409052,1
2,2984893173,2,liquidation_fraction,1,0.999343475503,0.999311431665,0.999379031544,1
2,2984893173,4,max_drawdown,1,0.116274934758,0.116094339501,0.116476581145,1
2,2984893173,4,terminal_return,-1,0.000194342321052,0.000194268738603,0.000194417734479,1
2,2984893173,4,peak_spread_bps,1,87.201798828,87.0655396789,87.3253098441,1
2,2984893173,4,minimum_depth,-1,0.773277728229,0.77281372558,0.773753583756,1
2,2984893173,4,liquidation_fraction,1,0.938242236391,0.936696503796,0.939611439929,1
3,3152201897,0,max_drawdown,1,0,0,0,0
3,3152201897,0,terminal_return,-1,-0,-0,-0,0
3,3152201897,0,peak_spread_bps,1,0,0,0,0
3,3152201897,0,minimum_depth,-1,-0,-0,-0,0
3,3152201897,0,liquidation_fraction,1,0,0,0,0
3,3152201897,0.5,max_drawdown,1,0,0,0,0
3,3152201897,0.5,terminal_return,-1,-0,-0,-0,0
3,3152201897,0.5,peak_spread_bps,1,0,0,0,0
3,3152201897,0.5,minimum_depth,-1,-0,-0,-0,0
3,3152201897,0.5,liquidation_fraction,1,0,0,0,0
3,3152201897,1,max_drawdown,1,9.24798346221e-05,0,0.000277439503866,0.003125
3,3152201897,1,terminal_return,-1,4.87595019347e-07,-0,1.47497493353e-06,0.003125
3,3152201897,1,peak_spread_bps,1,0.0371050904344,0,0.111315271303,0.003125
3,3152201897,1,minimum_depth,-1,0.00138393603521,-0,0.00418640650652,0.003125
3,3152201897,1,liquidation_fraction,1,0.00309636733424,0,0.00928910200271,0.003125
3,3152201897,2,max_drawdown,1,0.0425612247742,0.0422168304694,0.0428877060003,1
3,3152201897,2,terminal_return,-1,0.000130512289039,0.000130334458754,0.000130652350472,1
3,3152201897,2,peak_spread_bps,1,16.3958562415,16.2019233447,16.5887763233,1
3,3152201897,2,minimum_depth,-1,0.597867697996,0.595026813265,0.60095154208,1
3,3152201897,2,liquidation_fraction,1,0.999335377593,0.999296454173,0.999376667618,1
3,3152201897,4,max_drawdown,1,0.116312678137,0.116101849179,0.116529048519,1
3,3152201897,4,terminal_return,-1,0.000194273095489,0.000194182109553,0.000194363543538,1
3,3152201897,4,peak_spread_bps,1,86.9131857726,86.7155950147,87.0810386978,1
3,3152201897,4,minimum_depth,-1,0.773208784615,0.772663006136,0.773791018506,1
3,3152201897,4,liquidation_fraction,1,0.9382220736,0.936739306464,0.939675362162,1
4,1479823078,0,max_drawdown,1,0,0,0,0
4,1479823078,0,terminal_return,-1,-0,-0,-0,0
4,1479823078,0,peak_spread_bps,1,0,0,0,0
4,1479823078,0,minimum_depth,-1,-0,-0,-0,0
4,1479823078,0,liquidation_fraction,1,0,0,0,0
4,1479823078,0.5,max_drawdown,1,0,0,0,0
4,1479823078,0.5,terminal_return,-1,-0,-0,-0,0
4,1479823078,0.5,peak_spread_bps,1,0,0,0,0
4,1479823078,0.5,minimum_depth,-1,-0,-0,-0,0
4,1479823078,0.5,liquidation_fraction,1,0,0,0,0
4,1479823078,1,max_drawdown,1,0.000156788870468,0,0.000396616660846,0.00625
4,1479823078,1,terminal_return,-1,1.0016102444e-06,-0,2.51585882024e-06,0.00625
4,1479823078,1,peak_spread_bps,1,0.0666232751739,0,0.167906392032,0.00625
4,1479823078,1,minimum_depth,-1,0.00257449719975,-0,0.00647694444098,0.00625
4,1479823078,1,liquidation_fraction,1,0.0061780678705,0,0.0154397341762,0.00625
4,1479823078,2,max_drawdown,1,0.0427605925445,0.0424539024416,0.0430775714085,1
4,1479823078,2,terminal_return,-1,0.000130565487547,0.000130406690953,0.000130729671733,1
4,1479823078,2,peak_spread_bps,1,16.4960773439,16.3120774168,16.6851216346,1
4,1479823078,2,minimum_depth,-1,0.599536201324,0.596619105224,0.602677171123,1
4,1479823078,2,liquidation_fraction,1,0.999346011302,0.999306258185,0.999384253347,1
4,1479823078,4,max_drawdown,1,0.116317152557,0.116108548531,0.116534783648,1
4,1479823078,4,terminal_return,-1,0.00019426971045,0.000194180215413,0.00019436059717,1
4,1479823078,4,peak_spread_bps,1,87.0467775621,86.8722554141,87.2146139775,1
4,1479823078,4,minimum_depth,-1,0.773028688482,0.772486787442,0.773530754199,1
4,1479823078,4,liquidation_fraction,1,0.93759558664,0.935987890484,0.939081701734,1
5,1864755577,0,max_drawdown,1,0,0,0,0
5,1864755577,0,terminal_return,-1,-0,-0,-0,0
5,1864755577,0,peak_spread_bps,1,0,0,0,0
5,1864755577,0,minimum_depth,-1,-0,-0,-0,0
5,1864755577,0,liquidation_fraction,1,0,0,0,0
5,1864755577,0.5,max_drawdown,1,0,0,0,0
5,1864755577,0.5,terminal_return,-1,-0,-0,-0,0
5,1864755577,0.5,peak_spread_bps,1,0,0,0,0
5,1864755577,0.5,minimum_depth,-1,-0,-0,-0,0
5,1864755577,0.5,liquidation_fraction,1,0,0,0,0
5,1864755577,1,max_drawdown,1,0,0,0,0
5,1864755577,1,terminal_return,-1,-0,-0,-0,0
5,1864755577,1,peak_spread_bps,1,0,0,0,0
5,1864755577,1,minimum_depth,-1,-0,-0,-0,0
5,1864755577,1,liquidation_fraction,1,0,0,0,0
5,1864755577,2,max_drawdown,1,0.0426547818657,0.0423237694525,0.0429940823323,1
5,1864755577,2,terminal_return,-1,0.000130652815992,0.000130476597974,0.000130819988402,1
5,1864755577,2,peak_spread_bps,1,16.4068762475,16.1923836775,16.6023784677,1
5,1864755577,2,minimum_depth,-1,0.598779632961,0.595803788614,0.601940897156,1
5,1864755577,2,liquidation_fraction,1,0.999344912387,0.999306388801,0.999387939635,1
5,1864755577,4,max_drawdown,1,0.116371884416,0.116185070806,0.116573055689,1
5,1864755577,4,terminal_return,-1,0.00019435688688,0.000194286381729,0.000194429466935,1
5,1864755577,4,peak_spread_bps,1,87.1876344375,87.0873264188,87.2835062476,1
5,1864755577,4,minimum_depth,-1,0.77314666194,0.772616710651,0.773656467726,1
5,1864755577,4,liquidation_fraction,1,0.937702386125,0.936189794909,0.939256667723,1
6,677312347,0,max_drawdown,1,0,0,0,0
6,677312347,0,terminal_return,-1,-0,-0,-0,0
6,677312347,0,peak_spread_bps,1,0,0,0,0
6,677312347,0,minimum_depth,-1,-0,-0,-0,0
6,677312347,0,liquidation_fraction,1,0,0,0,0
6,677312347,0.5,max_drawdown,1,0,0,0,0
6,677312347,0.5,terminal_return,-1,-0,-0,-0,0
6,677312347,0.5,peak_spread_bps,1,0,0,0,0
6,677312347,0.5,minimum_depth,-1,-0,-0,-0,0
6,677312347,0.5,liquidation_fraction,1,0,0,0,0
6,677312347,1,max_drawdown,1,0.000184140327878,0,0.000464332330167,0.00625
6,677312347,1,terminal_return,-1,1.00636590798e-06,-0,2.52073461155e-06,0.00625
6,677312347,1,peak_spread_bps,1,0.0751377339829,0,0.189750354307,0.00625
6,677312347,1,minimum_depth,-1,0.00273919507255,-0,0.00686684183124,0.00625
6,677312347,1,liquidation_fraction,1,0.00621191293438,0,0.0155399350506,0.00625
6,677312347,2,max_drawdown,1,0.042775142471,0.0424683133816,0.0430848655524,1
6,677312347,2,terminal_return,-1,0.000130626712561,0.000130450495159,0.000130791030763,1
6,677312347,2,peak_spread_bps,1,16.4843781569,16.2895703385,16.6791512478,1
6,677312347,2,minimum_depth,-1,0.599916282287,0.596723400284,0.603079215667,1
6,677312347,2,liquidation_fraction,1,0.99936855407,0.999334769146,0.999405193623,1
6,677312347,4,max_drawdown,1,0.116394555719,0.11618530619,0.116587328096,1
6,677312347,4,terminal_return,-1,0.000194332777632,0.00019425347868,0.000194406261641,1
6,677312347,4,peak_spread_bps,1,87.1217613025,86.9928818574,87.2348039507,1
6,677312347,4,minimum_depth,-1,0.772912001029,0.77235499001,0.773428650925,1
6,677312347,4,liquidation_fraction,1,0.937388675037,0.935947148984,0.938846350793,1
7,2069308620,0,max_drawdown,1,0,0,0,0
7,2069308620,0,terminal_return,-1,-0,-0,-0,0
7,2069308620,0,peak_spread_bps,1,0,0,0,0
7,2069308620,0,minimum_depth,-1,-0,-0,-0,0
7,2069308620,0,liquidation_fraction,1,0,0,0,0
7,2069308620,0.5,max_drawdown,1,0,0,0,0
7,2069308620,0.5,terminal_return,-1,-0,-0,-0,0
7,2069308620,0.5,peak_spread_bps,1,0,0,0,0
7,2069308620,0.5,minimum_depth,-1,-0,-0,-0,0
7,2069308620,0.5,liquidation_fraction,1,0,0,0,0
7,2069308620,1,max_drawdown,1,0,0,0,0
7,2069308620,1,terminal_return,-1,-0,-0,-0,0
7,2069308620,1,peak_spread_bps,1,0,0,0,0
7,2069308620,1,minimum_depth,-1,-0,-0,-0,0
7,2069308620,1,liquidation_fraction,1,0,0,0,0
7,2069308620,2,max_drawdown,1,0.0425930204304,0.042263255713,0.0429364833336,1
7,2069308620,2,terminal_return,-1,0.000130535526852,0.000130377228094,0.000130687417992,1
7,2069308620,2,peak_spread_bps,1,16.3990033227,16.1997705051,16.5832352743,1
7,2069308620,2,minimum_depth,-1,0.598051871428,0.595237720017,0.600761631036,1
7,2069308620,2,liquidation_fraction,1,0.999338791876,0.999301695505,0.999379629691,1
7,2069308620,4,max_drawdown,1,0.11628650141,0.116101904211,0.116450957102,1
7,2069308620,4,terminal_return,-1,0.000194322461164,0.000194266401829,0.000194380274017,1
7,2069308620,4,peak_spread_bps,1,87.3301546281,87.2470155166,87.4202401124,1
7,2069308620,4,minimum_depth,-1,0.773161055344,0.772689670323,0.773647710589,1
7,2069308620,4,liquidation_fraction,1,0.937464139336,0.935985442468,0.938847833984,1
8,3089988897,0,max_drawdown,1,0,0,0,0
8,3089988897,0,terminal_return,-1,-0,-0,-0,0
8,3089988897,0,peak_spread_bps,1,0,0,0,0
8,3089988897,0,minimum_depth,-1,-0,-0,-0,0
8,3089988897,0,liquidation_fraction,1,0,0,0,0
8,3089988897,0.5,max_drawdown,1,0,0,0,0
8,3089988897,0.5,terminal_return,-1,-0,-0,-0,0
8,3089988897,0.5,peak_spread_bps,1,0,0,0,0
8,3089988897,0.5,minimum_depth,-1,-0,-0,-0,0
8,3089988897,0.5,liquidation_fraction,1,0,0,0,0
8,3089988897,1,max_drawdown,1,8.83522336616e-05,0,0.000265056700985,0.003125
8,3089988897,1,terminal_return,-1,5.17287493755e-07,-0,2.06914997502e-06,0.003125
8,3089988897,1,peak_spread_bps,1,0.0346878240866,0,0.10406347226,0.003125
8,3089988897,1,minimum_depth,-1,0.00134804923278,-0,0.00539219693112,0.003125
8,3089988897,1,liquidation_fraction,1,0.00310055100084,0,0.00930165300253,0.003125
8,3089988897,2,max_drawdown,1,0.0425370676389,0.0421989171413,0.0429029012191,1
8,3089988897,2,terminal_return,-1,0.000130669907368,0.000130517214281,0.000130836339529,1
8,3089988897,2,peak_spread_bps,1,16.3620352188,16.1542605903,16.5539708054,1
8,3089988897,2,minimum_depth,-1,0.597591633745,0.594565477528,0.600621781883,1
8,3089988897,2,liquidation_fraction,1,0.999340142149,0.999299672559,0.99937402597,1
8,3089988897,4,max_drawdown,1,0.116287535006,0.116065788395,0.116504349202,1
8,3089988897,4,terminal_return,-1,0.000194312191154,0.000194211573895,0.000194404284457,1
8,3089988897,4,peak_spread_bps,1,87.0936796866,86.8901419169,87.2437300929,1
8,3089988897,4,minimum_depth,-1,0.773262692066,0.77274554679,0.773837741421,1
8,3089988897,4,liquidation_fraction,1,0.938012585168,0.936439119757,0.93950915167,1
9,2464771100,0,max_drawdown,1,0,0,0,0
9,2464771100,0,terminal_return,-1,-0,-0,-0,0
9,2464771100,0,peak_spread_bps,1,0,0,0,0
9,2464771100,0,minimum_depth,-1,-0,-0,-0,0
9,2464771100,0,liquidation_fraction,1,0,0,0,0
9,2464771100,0.5,max_drawdown,1,0,0,0,0
9,2464771100,0.5,terminal_return,-1,-0,-0,-0,0
9,2464771100,0.5,peak_spread_bps,1,0,0,0,0
9,2464771100,0.5,minimum_depth,-1,-0,-0,-0,0
9,2464771100,0.5,liquidation_fraction,1,0,0,0,0
9,2464771100,1,max_drawdown,1,0,0,0,0
9,2464771100,1,terminal_return,-1,-0,-0,-0,0
9,2464771100,1,peak_spread_bps,1,0,0,0,0
9,2464771100,1,minimum_depth,-1,-0,-0,-0,0
9,2464771100,1,liquidation_fraction,1,0,0,0,0
9,2464771100,2,max_drawdown,1,0.0429902698536,0.0426538306903,0.0433298732268,1
9,2464771100,2,terminal_return,-1,0.000130697433085,0.000130547294918,0.000130846462309,1
9,2464771100,2,peak_spread_bps,1,16.5634670943,16.3699191983,16.7614828822,1
9,2464771100,2,minimum_depth,-1,0.601519196468,0.598554496392,0.60464783458,1
9,2464771100,2,liquidation_fraction,1,0.999375902261,0.999337554479,0.999413272251,1
9,2464771100,4,max_drawdown,1,0.116492327308,0.116308943383,0.116718026661,1
9,2464771100,4,terminal_return,-1,0.00019437757197,0.000194307812049,0.000194445106438,1
9,2464771100,4,peak_spread_bps,1,87.1930871861,87.0845460764,87.288130243,1
9,2464771100,4,minimum_depth,-1,0.772864476237,0.772323724851,0.773436582668,1
9,2464771100,4,liquidation_fraction,1,0.936679239107,0.935181408161,0.938116772163,1
10,2241986250,0,max_drawdown,1,0,0,0,0
10,2241986250,0,terminal_return,-1,-0,-0,-0,0
10,2241986250,0,peak_spread_bps,1,0,0,0,0
10,2241986250,0,minimum_depth,-1,-0,-0,-0,0
10,2241986250,0,liquidation_fraction,1,0,0,0,0
10,2241986250,0.5,max_drawdown,1,0,0,0,0
10,2241986250,0.5,terminal_return,-1,-0,-0,-0,0
10,2241986250,0.5,peak_spread_bps,1,0,0,0,0
10,2241986250,0.5,minimum_depth,-1,-0,-0,-0,0
10,2241986250,0.5,liquidation_fraction,1,0,0,0,0
10,2241986250,1,max_drawdown,1,8.55193816076e-05,0,0.000256558144823,0.003125
10,2241986250,1,terminal_return,-1,5.05556634469e-07,-0,1.51666990341e-06,0.003125
10,2241986250,1,peak_spread_bps,1,0.035315323234,0,0.105945969702,0.003125
10,2241986250,1,minimum_depth,-1,0.00133191503432,-0,0.00399574510296,0.003125
10,2241986250,1,liquidation_fraction,1,0.00309652065659,0,0.00928956196976,0.003125
10,2241986250,2,max_drawdown,1,0.043005094191,0.0426661820016,0.0433299178623,1
10,2241986250,2,terminal_return,-1,0.000130626227701,0.000130476276859,0.000130785423207,1
10,2241986250,2,peak_spread_bps,1,16.6002491359,16.4144095781,16.7977109935,1
10,2241986250,2,minimum_depth,-1,0.601590898345,0.598400935984,0.604567008585,1
10,2241986250,2,liquidation_fraction,1,0.999385644931,0.99935266452,0.999421547405,1
10,2241986250,4,max_drawdown,1,0.116457780155,0.116273093668,0.116639987464,1
10,2241986250,4,terminal_return,-1,0.000194303875003,0.000194234089804,0.000194381031835,1
10,2241986250,4,peak_spread_bps,1,87.2358231745,87.1237150733,87.3368264567,1
10,2241986250,4,minimum_depth,-1,0.772774898765,0.772250437976,0.7732647204,1
10,2241986250,4,liquidation_fraction,1,0.936045730962,0.934563507291,0.937500284117,1
11,4259429181,0,max_drawdown,1,0,0,0,0
11,4259429181,0,terminal_return,-1,-0,-0,-0,0
11,4259429181,0,peak_spread_bps,1,0,0,0,0
11,4259429181,0,minimum_depth,-1,-0,-0,-0,0
11,4259429181,0,liquidation_fraction,1,0,0,0,0
11,4259429181,0.5,max_drawdown,1,0,0,0,0
11,4259429181,0.5,terminal_return,-1,-0,-0,-0,0
11,4259429181,0.5,peak_spread_bps,1,0,0,0,0
11,4259429181,0.5,minimum_depth,-1,-0,-0,-0,0
11,4259429181,0.5,liquidation_fraction,1,0,0,0,0
11,4259429181,1,max_drawdown,1,0.000167010864479,0,0.000427281945218,0.00625
11,4259429181,1,terminal_return,-1,9.99768747892e-07,-0,2.50617472927e-06,0.00625
11,4259429181,1,peak_spread_bps,1,0.0684437058012,0,0.181454128937,0.00625
11,4259429181,1,minimum_depth,-1,0.00259652833766,-0,0.0066922449933,0.00625
11,4259429181,1,liquidation_fraction,1,0.00618539677293,0,0.0154918603031,0.00625
11,4259429181,2,max_drawdown,1,0.0427355969876,0.0424024885255,0.0430576851311,1
11,4259429181,2,terminal_return,-1,0.000130565865944,0.000130403740781,0.000130737066712,1
11,4259429181,2,peak_spread_bps,1,16.4853459113,16.2930975279,16.6762571107,1
11,4259429181,2,minimum_depth,-1,0.599630267612,0.596363082508,0.60239270948,1
11,4259429181,2,liquidation_fraction,1,0.999347116277,0.999307321035,0.999385008253,1
11,4259429181,4,max_drawdown,1,0.116441593138,0.116233952628,0.116667803736,1
11,4259429181,4,terminal_return,-1,0.000194337699838,0.000194250049561,0.000194418876143,1
11,4259429181,4,peak_spread_bps,1,87.0499120269,86.894055767,87.2042812306,1
11,4259429181,4,minimum_depth,-1,0.772810060809,0.772235772077,0.773287278473,1
11,4259429181,4,liquidation_fraction,1,0.937016681835,0.935559534302,0.938635148455,1
12,3174995711,0,max_drawdown,1,0,0,0,0
12,3174995711,0,terminal_return,-1,-0,-0,-0,0
12,3174995711,0,peak_spread_bps,1,0,0,0,0
12,3174995711,0,minimum_depth,-1,-0,-0,-0,0
12,3174995711,0,liquidation_fraction,1,0,0,0,0
12,3174995711,0.5,max_drawdown,1,0,0,0,0
12,3174995711,0.5,terminal_return,-1,-0,-0,-0,0
12,3174995711,0.5,peak_spread_bps,1,0,0,0,0
12,3174995711,0.5,minimum_depth,-1,-0,-0,-0,0
12,3174995711,0.5,liquidation_fraction,1,0,0,0,0
12,3174995711,1,max_drawdown,1,0.000265740034905,0,0.000616664628294,0.009375
12,3174995711,1,terminal_return,-1,1.52189385433e-06,-0,3.54388769762e-06,0.009375
12,3174995711,1,peak_spread_bps,1,0.103468083513,0,0.241481088934,0.009375
12,3174995711,1,minimum_depth,-1,0.00402262218138,-0,0.00936727394164,0.009375
12,3174995711,1,liquidation_fraction,1,0.00930007765754,0,0.0216997599597,0.009375
12,3174995711,2,max_drawdown,1,0.0425623618691,0.0422310440952,0.0428792451624,1
12,3174995711,2,terminal_return,-1,0.00013058043295,0.000130408137078,0.000130740500028,1
12,3174995711,2,peak_spread_bps,1,16.391406306,16.180894975,16.5835275021,1
12,3174995711,2,minimum_depth,-1,0.598082641378,0.594963892491,0.600987457915,1
12,3174995711,2,liquidation_fraction,1,0.999331470078,0.999290692876,0.999372687763,1
12,3174995711,4,max_drawdown,1,0.116374820228,0.116134038701,0.116597336665,1
12,3174995711,4,terminal_return,-1,0.000194303609221,0.000194207152945,0.000194394342683,1
12,3174995711,4,peak_spread_bps,1,86.949855407,86.7709776096,87.1150739043,1
12,3174995711,4,minimum_depth,-1,0.773105292201,0.772557376311,0.773689164329,1
12,3174995711,4,liquidation_fraction,1,0.937350302863,0.935620449615,0.938848839334,1
13,2125615873,0,max_drawdown,1,0,0,0,0
13,2125615873,0,terminal_return,-1,-0,-0,-0,0
13,2125615873,0,peak_spread_bps,1,0,0,0,0
13,2125615873,0,minimum_depth,-1,-0,-0,-0,0
13,2125615873,0,liquidation_fraction,1,0,0,0,0
13,2125615873,0.5,max_drawdown,1,0,0,0,0
13,2125615873,0.5,terminal_return,-1,-0,-0,-0,0
13,2125615873,0.5,peak_spread_bps,1,0,0,0,0
13,2125615873,0.5,minimum_depth,-1,-0,-0,-0,0
13,2125615873,0.5,liquidation_fraction,1,0,0,0,0
13,2125615873,1,max_drawdown,1,8.43273073727e-05,0,0.000252981922118,0.003125
13,2125615873,1,terminal_return,-1,4.84193867379e-07,-0,1.45258160214e-06,0.003125
13,2125615873,1,peak_spread_bps,1,0.0350994137964,0,0.105298241389,0.003125
13,2125615873,1,minimum_depth,-1,0.00133067319246,-0,0.00399201957739,0.003125
13,2125615873,1,liquidation_fraction,1,0.00309557368736,0,0.00928672106208,0.003125
13,2125615873,2,max_drawdown,1,0.0423044559202,0.0419642676298,0.0426385586066,1
13,2125615873,2,terminal_return,-1,0.000130625579242,0.000130443495422,0.000130788887366,1
13,2125615873,2,peak_spread_bps,1,16.2407310024,16.0383676889,16.4691978826,1
13,2125615873,2,minimum_depth,-1,0.595507157049,0.592638287139,0.598483021307,1
13,2125615873,2,liquidation_fraction,1,0.999300202837,0.999257806654,0.999339026653,1
13,2125615873,4,max_drawdown,1,0.116106004182,0.115905810332,0.116304771833,1
13,2125615873,4,terminal_return,-1,0.000194384509938,0.000194311466476,0.000194453742181,1
13,2125615873,4,peak_spread_bps,1,87.1717744217,87.0230307126,87.3003794228,1
13,2125615873,4,minimum_depth,-1,0.773620890591,0.773079077586,0.774134495558,1
13,2125615873,4,liquidation_fraction,1,0.938860458236,0.937339434453,0.940424056214,1
14,985169424,0,max_drawdown,1,0,0,0,0
14,985169424,0,terminal_return,-1,-0,-0,-0,0
14,985169424,0,peak_spread_bps,1,0,0,0,0
14,985169424,0,minimum_depth,-1,-0,-0,-0,0
14,985169424,0,liquidation_fraction,1,0,0,0,0
14,985169424,0.5,max_drawdown,1,0,0,0,0
14,985169424,0.5,terminal_return,-1,-0,-0,-0,0
14,985169424,0.5,peak_spread_bps,1,0,0,0,0
14,985169424,0.5,minimum_depth,-1,-0,-0,-0,0
14,985169424,0.5,liquidation_fraction,1,0,0,0,0
14,985169424,1,max_drawdown,1,0.000164488191943,0,0.000486122821169,0.00625
14,985169424,1,terminal_return,-1,1.02332424788e-06,-0,2.56495039844e-06,0.00625
14,985169424,1,peak_spread_bps,1,0.0677332601762,0,0.170374751556,0.00625
14,985169424,1,minimum_depth,-1,0.00261157497649,-0,0.00657096333682,0.00625
14,985169424,1,liquidation_fraction,1,0.00619003527024,0,0.0154793278142,0.00625
14,985169424,2,max_drawdown,1,0.0427407134097,0.0424115608531,0.0430622099108,1
14,985169424,2,terminal_return,-1,0.000130534073277,0.000130368761426,0.000130713152984,1
14,985169424,2,peak_spread_bps,1,16.4998074524,16.281829297,16.7017189197,1
14,985169424,2,minimum_depth,-1,0.599640529899,0.596610405652,0.60257588779,1
14,985169424,2,liquidation_fraction,1,0.999347178036,0.999307989871,0.999387688357,1
14,985169424,4,max_drawdown,1,0.116489075168,0.116261150928,0.116701220974,1
14,985169424,4,terminal_return,-1,0.00019440283005,0.000194321148601,0.000194490410537,1
14,985169424,4,peak_spread_bps,1,87.1622762798,87.0239711193,87.2796906912,1
14,985169424,4,minimum_depth,-1,0.772912892671,0.772386337263,0.773434216846,1
14,985169424,4,liquidation_fraction,1,0.937444332759,0.935926495412,0.939024115455,1
15,1553271648,0,max_drawdown,1,0,0,0,0
15,1553271648,0,terminal_return,-1,-0,-0,-0,0
15,1553271648,0,peak_spread_bps,1,0,0,0,0
15,1553271648,0,minimum_depth,-1,-0,-0,-0,0
15,1553271648,0,liquidation_fraction,1,0,0,0,0
15,1553271648,0.5,max_drawdown,1,0,0,0,0
15,1553271648,0.5,terminal_return,-1,-0,-0,-0,0
15,1553271648,0.5,peak_spread_bps,1,0,0,0,0
15,1553271648,0.5,minimum_depth,-1,-0,-0,-0,0
15,1553271648,0.5,liquidation_fraction,1,0,0,0,0
15,1553271648,1,max_drawdown,1,7.78070730498e-05,0,0.000233421219149,0.003125
15,1553271648,1,terminal_return,-1,5.18660677541e-07,-0,1.55598203262e-06,0.003125
15,1553271648,1,peak_spread_bps,1,0.0327173050265,0,0.0981519150795,0.003125
15,1553271648,1,minimum_depth,-1,0.00128292182782,-0,0.00513168731129,0.003125
15,1553271648,1,liquidation_fraction,1,0.00309181817139,0,0.00927545451416,0.003125
15,1553271648,2,max_drawdown,1,0.0424431346152,0.042110459709,0.0427576920388,1
15,1553271648,2,terminal_return,-1,0.000130427487744,0.000130244540741,0.000130592738261,1
15,1553271648,2,peak_spread_bps,1,16.3532698877,16.1573558309,16.5440294117,1
15,1553271648,2,minimum_depth,-1,0.596919414129,0.593969339542,0.599852809626,1
15,1553271648,2,liquidation_fraction,1,0.999331137887,0.999291664917,0.999370571157,1
15,1553271648,4,max_drawdown,1,0.116225432865,0.11602541819,0.116422122405,1
15,1553271648,4,terminal_return,-1,0.00019431334976,0.000194246565061,0.000194379906509,1
15,1553271648,4,peak_spread_bps,1,87.1700163104,87.0561715838,87.2817036977,1
15,1553271648,4,minimum_depth,-1,0.773228932202,0.772728003321,0.773728935921,1
15,1553271648,4,liquidation_fraction,1,0.938644226006,0.937226849688,0.940022585781,1
16,1087328947,0,max_drawdown,1,0,0,0,0
16,1087328947,0,terminal_return,-1,-0,-0,-0,0
16,1087328947,0,peak_spread_bps,1,0,0,0,0
16,1087328947,0,minimum_depth,-1,-0,-0,-0,0
16,1087328947,0,liquidation_fraction,1,0,0,0,0
16,1087328947,0.5,max_drawdown,1,0,0,0,0
16,1087328947,0.5,terminal_return,-1,-0,-0,-0,0
16,1087328947,0.5,peak_spread_bps,1,0,0,0,0
16,1087328947,0.5,minimum_depth,-1,-0,-0,-0,0
16,1087328947,0.5,liquidation_fraction,1,0,0,0,0
16,1087328947,1,max_drawdown,1,8.6944773063e-05,0,0.000260834319189,0.003125
16,1087328947,1,terminal_return,-1,4.941740221e-07,-0,1.4825220663e-06,0.003125
16,1087328947,1,peak_spread_bps,1,0.0348588955814,0,0.104576686744,0.003125
16,1087328947,1,minimum_depth,-1,0.00132031319475,-0,0.00396093958425,0.003125
16,1087328947,1,liquidation_fraction,1,0.0030926018209,0,0.0092778054627,0.003125
16,1087328947,2,max_drawdown,1,0.0427209037086,0.0423770056242,0.0430428793848,1
16,1087328947,2,terminal_return,-1,0.000130568963934,0.00013040064027,0.000130736861701,1
16,1087328947,2,peak_spread_bps,1,16.5027718544,16.3189697227,16.6932980397,1
16,1087328947,2,minimum_depth,-1,0.599606703837,0.596321100239,0.602666707665,1
16,1087328947,2,liquidation_fraction,1,0.999356604621,0.99930976056,0.999398830344,1
16,1087328947,4,max_drawdown,1,0.11640934782,0.116196250907,0.116618659021,1
16,1087328947,4,terminal_return,-1,0.000194320929971,0.000194248031803,0.000194391681619,1
16,1087328947,4,peak_spread_bps,1,87.1331120516,87.0346499489,87.2306467098,1
16,1087328947,4,minimum_depth,-1,0.772874693597,0.772322639194,0.773373096355,1
16,1087328947,4,liquidation_fraction,1,0.937711914317,0.936332251632,0.939218657758,1
17,3244082578,0,max_drawdown,1,0,0,0,0
17,3244082578,0,terminal_return,-1,-0,-0,-0,0
17,3244082578,0,peak_spread_bps,1,0,0,0,0
17,3244082578,0,minimum_depth,-1,-0,-0,-0,0
17,3244082578,0,liquidation_fraction,1,0,0,0,0
17,3244082578,0.5,max_drawdown,1,0,0,0,0
17,3244082578,0.5,terminal_return,-1,-0,-0,-0,0
17,3244082578,0.5,peak_spread_bps,1,0,0,0,0
17,3244082578,0.5,minimum_depth,-1,-0,-0,-0,0
17,3244082578,0.5,liquidation_fraction,1,0,0,0,0
17,3244082578,1,max_drawdown,1,7.52207194853e-05,0,0.000225662158456,0.003125
17,3244082578,1,terminal_return,-1,4.85983608755e-07,-0,1.45795082626e-06,0.003125
17,3244082578,1,peak_spread_bps,1,0.0306567114157,0,0.0919701342471,0.003125
17,3244082578,1,minimum_depth,-1,0.00124728493481,-0,0.00374185480443,0.003125
17,3244082578,1,liquidation_fraction,1,0.00307311848032,0,0.00921935544097,0.003125
17,3244082578,2,max_drawdown,1,0.043056938754,0.0427195839909,0.0433468795441,1
17,3244082578,2,terminal_return,-1,0.000130626998813,0.000130473258369,0.000130786632483,1
17,3244082578,2,peak_spread_bps,1,16.6155932517,16.4380338523,16.7953553662,1
17,3244082578,2,minimum_depth,-1,0.602291771672,0.599461529759,0.605069601632,1
17,3244082578,2,liquidation_fraction,1,0.999389860564,0.99934855489,0.999424929152,1
17,3244082578,4,max_drawdown,1,0.116435357229,0.116228385642,0.116623772778,1
17,3244082578,4,terminal_return,-1,0.000194317383495,0.000194240709513,0.000194393642482,1
17,3244082578,4,peak_spread_bps,1,87.1770708247,87.017531954,87.3149751835,1
17,3244082578,4,minimum_depth,-1,0.772634225325,0.772139282893,0.773147242788,1
17,3244082578,4,liquidation_fraction,1,0.93621597702,0.934791655429,0.937658594626,1
18,3014078332,0,max_drawdown,1,0,0,0,0
18,3014078332,0,terminal_return,-1,-0,-0,-0,0
18,3014078332,0,peak_spread_bps,1,0,0,0,0
18,3014078332,0,minimum_depth,-1,-0,-0,-0,0
18,3014078332,0,liquidation_fraction,1,0,0,0,0
18,3014078332,0.5,max_drawdown,1,0,0,0,0
18,3014078332,0.5,terminal_return,-1,-0,-0,-0,0
18,3014078332,0.5,peak_spread_bps,1,0,0,0,0
18,3014078332,0.5,minimum_depth,-1,-0,-0,-0,0
18,3014078332,0.5,liquidation_fraction,1,0,0,0,0
18,3014078332,1,max_drawdown,1,0.00015128631592,0,0.000378667532965,0.00625
18,3014078332,1,terminal_return,-1,1.03479681112e-06,-0,2.58181176392e-06,0.00625
18,3014078332,1,peak_spread_bps,1,0.0614232911892,0,0.154043089735,0.00625
18,3014078332,1,minimum_depth,-1,0.00249747798067,-0,0.00625090237665,0.00625
18,3014078332,1,liquidation_fraction,1,0.00616669817256,0,0.0154195218362,0.00625
18,3014078332,2,max_drawdown,1,0.0428815763459,0.0425303005084,0.0432011431141,1
18,3014078332,2,terminal_return,-1,0.000130780529103,0.000130616735373,0.000130944912365,1
18,3014078332,2,peak_spread_bps,1,16.5219255048,16.3232986405,16.7244957247,1
18,3014078332,2,minimum_depth,-1,0.6004577868,0.59715002602,0.60324967906,1
18,3014078332,2,liquidation_fraction,1,0.999354994297,0.999316536052,0.999391809658,1
18,3014078332,4,max_drawdown,1,0.116454200415,0.1162532581,0.116663889299,1
18,3014078332,4,terminal_return,-1,0.000194412041762,0.00019434780877,0.000194481066342,1
18,3014078332,4,peak_spread_bps,1,87.1843338193,87.086588211,87.2704871774,1
18,3014078332,4,minimum_depth,-1,0.773007189684,0.772477254093,0.773574663931,1
18,3014078332,4,liquidation_fraction,1,0.937330603006,0.935550246128,0.93875276395,1
19,4030087925,0,max_drawdown,1,0,0,0,0
19,4030087925,0,terminal_return,-1,-0,-0,-0,0
19,4030087925,0,peak_spread_bps,1,0,0,0,0
19,4030087925,0,minimum_depth,-1,-0,-0,-0,0
19,4030087925,0,liquidation_fraction,1,0,0,0,0
19,4030087925,0.5,max_drawdown,1,0,0,0,0
19,4030087925,0.5,terminal_return,-1,-0,-0,-0,0
19,4030087925,0.5,peak_spread_bps,1,0,0,0,0
19,4030087925,0.5,minimum_depth,-1,-0,-0,-0,0
19,4030087925,0.5,liquidation_fraction,1,0,0,0,0
19,4030087925,1,max_drawdown,1,8.84143716539e-05,0,0.000265243114962,0.003125
19,4030087925,1,terminal_return,-1,5.23981180944e-07,-0,1.57194354283e-06,0.003125
19,4030087925,1,peak_spread_bps,1,0.0363674755926,0,0.110011613668,0.003125
19,4030087925,1,minimum_depth,-1,0.00134213484164,-0,0.00536853936656,0.003125
19,4030087925,1,liquidation_fraction,1,0.00309828719925,0,0.00929486159776,0.003125
19,4030087925,2,max_drawdown,1,0.0425504824557,0.0422093261051,0.0429085280826,1
19,4030087925,2,terminal_return,-1,0.000130587210495,0.000130418563206,0.000130747400176,1
19,4030087925,2,peak_spread_bps,1,16.3438713437,16.1584220186,16.5272817157,1
19,4030087925,2,minimum_depth,-1,0.597742751006,0.59432102574,0.600846003281,1
19,4030087925,2,liquidation_fraction,1,0.999331335789,0.99929020669,0.999368322071,1
19,4030087925,4,max_drawdown,1,0.116265089521,0.116075037961,0.116478380647,1
19,4030087925,4,terminal_return,-1,0.000194329553828,0.00019424303245,0.000194413768306,1
19,4030087925,4,peak_spread_bps,1,87.0402833913,86.8763948767,87.1860166222,1
19,4030087925,4,minimum_depth,-1,0.773415221197,0.772827832441,0.774014782515,1
19,4030087925,4,liquidation_fraction,1,0.938434588884,0.936996931549,0.940033002369,1
20,1603902690,0,max_drawdown,1,0,0,0,0
20,1603902690,0,terminal_return,-1,-0,-0,-0,0
20,1603902690,0,peak_spread_bps,1,0,0,0,0
20,1603902690,0,minimum_depth,-1,-0,-0,-0,0
20,1603902690,0,liquidation_fraction,1,0,0,0,0
20,1603902690,0.5,max_drawdown,1,0,0,0,0
20,1603902690,0.5,terminal_return,-1,-0,-0,-0,0
20,1603902690,0.5,peak_spread_bps,1,0,0,0,0
20,1603902690,0.5,minimum_depth,-1,-0,-0,-0,0
20,1603902690,0.5,liquidation_fraction,1,0,0,0,0
20,1603902690,1,max_drawdown,1,0,0,0,0
20,1603902690,1,terminal_return,-1,-0,-0,-0,0
20,1603902690,1,peak_spread_bps,1,0,0,0,0
20,1603902690,1,minimum_depth,-1,-0,-0,-0,0
20,1603902690,1,liquidation_fraction,1,0,0,0,0
20,1603902690,2,max_drawdown,1,0.0427383698566,0.0424211671978,0.0430678166926,1
20,1603902690,2,terminal_return,-1,0.000130653132639,0.000130502346653,0.000130826483523,1
20,1603902690,2,peak_spread_bps,1,16.4933702925,16.3082376417,16.6785634309,1
20,1603902690,2,minimum_depth,-1,0.59965213433,0.596648887473,0.60249589525,1
20,1603902690,2,liquidation_fraction,1,0.999357228582,0.999316015655,0.999395582473,1
20,1603902690,4,max_drawdown,1,0.116385712814,0.116183631488,0.116581957086,1
20,1603902690,4,terminal_return,-1,0.000194355483663,0.0001942811974,0.000194432376846,1
20,1603902690,4,peak_spread_bps,1,87.2280593942,87.0828573063,87.3618980511,1
20,1603902690,4,minimum_depth,-1,0.772864372681,0.772411635616,0.773338586907,1
20,1603902690,4,liquidation_fraction,1,0.936912905638,0.935354207457,0.938429630796,1
